run,seed,satAgg,shape_unique,shape_coverage,left_irreflexive,left_asymmetric,left_right_inverse,left_transitive,below_above_inverse,below_transitive,between_rule,last_left,last_right,can_stack_rule,query_small_below_cylinder_left_square,query_green_cone_between,query_triangles_close_same_size,accuracy,precision,recall,f1,ltn_api_sat_check
1,42,0.5913537740707397,0.9998079538345337,0.9992436766624451,0.9772252440452576,0.95188307762146,0.9229506254196167,0.9887940883636475,0.9524486660957336,0.9956803321838379,0.7783947587013245,0.4438374638557434,0.4371054768562317,0.9995357990264893,0.09673164784908295,2.887499431381002e-05,0.9491286277770996,0.94605,0.9216899416651936,0.8912820512820513,0.9062309898322759,0.6101593971252441
2,43,0.5989264845848083,0.999821662902832,0.9991723299026489,0.9747352600097656,0.9432706832885742,0.9243173003196716,0.9876741766929626,0.9377041459083557,0.995747447013855,0.7723904848098755,0.44163456559181213,0.4238596260547638,0.9984833598136902,0.0435604490339756,0.11979545652866364,0.8807979226112366,0.9387,0.8868593722291186,0.8947933440687064,0.8908086925543285,0.5973992943763733
3,44,0.6165143251419067,0.9998259544372559,0.9991866946220398,0.9620802402496338,0.9387919306755066,0.8891196846961975,0.985359787940979,0.9415395855903625,0.9962418079376221,0.7694295644760132,0.4524540603160858,0.4599815011024475,0.9995787739753723,0.07048365473747253,0.17820565402507782,0.9707168340682983,0.93925,0.8891696142833081,0.904557916381083,0.8967977575809054,0.620602548122406
4,45,0.6096723079681396,0.9998049139976501,0.9991907477378845,0.974987268447876,0.9492605924606323,0.9037091732025146,0.9885448217391968,0.9614741206169128,0.9954274892807007,0.7556568384170532,0.44096192717552185,0.4363676607608795,0.999395489692688,0.04232000559568405,0.18503563106060028,0.9999947547912598,0.92775,0.8695652173913043,0.8743557846099165,0.8719539211342491,0.6355096697807312
5,46,0.6169885396957397,0.9997649192810059,0.9992782473564148,0.9741795659065247,0.9514461755752563,0.9016750454902649,0.9888004064559937,0.9482584595680237,0.9901005029678345,0.7711582779884338,0.44038546085357666,0.4493391811847687,0.99941486120224,0.032709382474422455,0.24317672848701477,0.9123859405517578,0.93605,0.8516310647458188,0.930691277596815,0.8894076956333765,0.5964024066925049
